Password	Word chunks
v1!_VL	['VL']
q856VW	['VW']
o5;*nX	['nX']
mo3u+H	['mo']
i2)2WQ	['WQ']
g8:6AR	['AR']
d:4}nY	['nY']
c8>|NG	['NG']
7*pauR	['pauR']
5c2`Qe	['Qe']
3qq:Q-	['qq']
3.bH1o	['bH']
2fKIl1	['fKIl']
1v]0JL	['JL']
1q!+In	['In']
0o|0cV	['cV']
<bu1'W	['bu']
+u4Aj^	['Aj']
%6iCR5	['iCR']
!g3Fy\	['Fy']
y7]Nw&v	['Nw']
v3/Sj[j	['Sj']
v0/kR]F	['kR']
tum7)Pu	['tum', 'Pu']
t1'UpfH	['UpfH']
r5,0&oC	['oC']
q,o4WX^	['WX']
oi{5nAv	['oi', 'nAv']
o01'GK@	['GK']
n8\uXK3	['uXK']
n5[7weF	['weF']
l2|1Pm7	['Pm']
i~c7+vW	['vW']
fv0:=RL	['fv', 'RL']
fm0j>3T	['fm']
c<7[FYX	['FYX']
b08'_Pl	['Pl']
8v?-QA3	['QA']
8p7@OD>	['OD']
8c{W0Lf	['Lf']
8?fq[AM	['fq', 'AM']
6{yxOcg	['yxOcg']
6[h=wKx	['wKx']
6%m7ER&	['ER']
5?nkWW+	['nkWW']
5%kw0[B	['kw']
3c0{tOU	['tOU']
1bv:kbI	['bv', 'kbI']
11q0/wC	['wC']
0l(!2BI	['BI']
0@l.QtD	['QtD']
0!co0I?	['co']
~j4tyFG	['tyFG']
_4@cOT7	['cOT']
/ua5gS(	['ua', 'gS']
/3d&pK3	['pK']
*4cebN>	['cebN']
)w^87GS	['GS']
&}xa8D3	['xa']
x?s3l3bF	['bF']
v3.@Y3Eg	['Eg']
v2(o3)YX	['YX']
ua7t?C2#	['ua']
u]g7|5vW	['vW']
t'n0Iy]1	['Iy']
p^'7hkDC	['hkDC']
o]a2luCN	['luCN']
m3)61fHw	['fHw']
li7-017B	['li']
k\6\rXqJ	['rXqJ']
j2[4Hd?b	['Hd']
hj7@UL@S	['hj', 'UL']
h5w#pYM.	['pYM']
f4l%CU/Q	['CU']
d6!\NJlB	['NJlB']
d2_OsTN2	['OsTN']
c>1e8DFk	['DFk']
b{08t/Ay	['Ay']
8l0+jY6M	['jY']
8g-2hnCM	['hnCM']
82t.nX\Y	['nX']
8>o|Y6vj	['vj']
7o/5tjQW	['tjQW']
61y^4Ycy	['Ycy']
4ya6b~rK	['ya', 'rK']
4u{sNi,Q	['sNi']
4f@5>4cO	['cO']
4*1cP/Vn	['cP', 'Vn']
3d2'W{CK	['CK']
3`e:C8va	['va']
25epl\MJ	['epl', 'MJ']
1w-702Pf	['Pf']
1tp^%aH4	['tp', 'aH']
1il3^WC[	['il', 'WC']
<e8:70MV	['MV']
+p06Y7aC	['aC']
~w8}BykH	['BykH']
_m08lhW*	['lhW']
_0rgd%Db	['rgd', 'Db']
^i|k14FK	['FK']
]a5xV6EM	['xV', 'EM']
]4t8c4Oj	['Oj']
[r_800DS	['DS']
?1tx7,GB	['tx', 'GB']
;3,3lccO	['lccO']
/yf:6sIP	['yf', 'sIP']
.f#237Qr	['Qr']
)wq460'B	['wq']
#i16WM)8	['WM']
y1f]-ywQB	['ywQB']
x>62hiWI4	['hiWI']
wkx1#bEJL	['wkx', 'bEJL']
w.3-kOfTD	['kOfTD']
t6/6Gw881	['Gw']
s37?6cWAP	['cWAP']
qu1>~5SCB	['qu', 'SCB']
q2^%i1Ho8	['Ho']
pag[p61mX	['pag', 'mX']
p0h]lY/5b	['lY']
n4~8@WpoD	['WpoD']
n2#0`Pigf	['Pigf']
l&4\15HcH	['HcH']
k!7]41uLB	['uLB']
im5$aLn0V	['im', 'aLn']
i64h||HoL	['HoL']
g2=4q~7Kl	['Kl']
fv7/>8dGV	['fv', 'dGV']
-f285~iMQ	['iMQ']
f(5fCen6q	['fCen']
e?1}pViVC	['pViVC']
-c87QWjJT	['QWjJT']
c3}2025LT	['LT']
c^38R15De	['De']
7>6jq;5QL	['jq', 'QL']
6t2y*B2pc	['pc']
5h81(%YF0	['YF']
540?tnufQ	['tnufQ']
53%i|UO6t	['UO']
5=1dw&y1K	['dw']
4ra%|QDTh	['ra', 'QDTh']
3x3`60OQM	['OQM']
3wr-n,7EL	['wr', 'EL']
30<bGEAYa	['bGEAYa']
3\f/ft3rK	['ft', 'rK']
2w=yq5Vr0	['yq', 'Vr']
2ps7-0!J8	['ps']
27:q2c@BU	['BU']
1t66@Ew0o	['Ew']
1r#dt/B57	['dt']
1%d!2eNbi	['eNbi']
08p`]1HJG	['HJG']
087'ubSPO	['ubSPO']
07+fA3+m6	['fA']
02n&joGTw	['joGTw']
0${5v4eNU	['eNU']
=353sq'Fp	['sq', 'Fp']
<x1&acS5W	['acS']
+uc73HJOH	['uc', 'HJOH']
`0l2|oN2t	['oN']
_uu]3nmCD	['uu', 'nmCD']
_b16XOWG|	['XOWG']
]xw7a|fPM	['xw', 'fPM']
]i>0wlAeB	['wlAeB']
\7al2:84Y	['al']
[b6xXG;dL	['xXG', 'dL']
[7q72QqPe	['QqPe']
/ev6%4nsD	['ev', 'nsD']
*6m6wo<hS	['wo', 'hS']
$fq5w=L5P	['fq']
!4n!W83vb	['vb']
yo)rb1iS3#	['yo', 'rb', 'iS']
x702u;'KL5	['KL']
v555_{mNl3	['mNl']
u?l1a2BMa.	['BMa']
t0pd3@2T0j	['pd']
s61#7|JhVB	['JhVB']
s#16lyHO2v	['lyHO']
r.5[rR7OB3	['rR', 'OB']
q80<U/C2mv	['mv']
q5c.j@RYO4	['RYO']
p4d46&3TxY	['TxY']
o-v2NvU-RW	['NvU', 'RW']
o02-\40oY7	['oY']
md7-Y0d#Ah	['md', 'Ah']
l531`uaJ2a	['uaJ']
i'p46>5yEt	['yEt']
f64)#4bOYm	['bOYm']
b1{|p6LcTn	['LcTn']
a\o6v5>Qo3	['Qo']
8=7rg-obT6	['rg', 'obT']
8(2nx*rQty	['nx', 'rQty']
7s74(u8Og(	['Og']
7qu^A5K3fI	['qu', 'fI']
7e0.0DdE^Q	['DdE']
7d!1q7:TDj	['TDj']
7^i4g6clBm	['clBm']
6ohd?=uvEY	['ohd', 'uvEY']
6n74\gK$Yh	['gK', 'Yh']
6bmq'w0-SC	['bmq', 'SC']
65c*w[1eI8	['eI']
58c>b8qWJ;	['qWJ']
55]t{fTBwv	['fTBwv']
4_8gn4U-FI	['gn', 'FI']
4$thN6yVP:	['thN', 'yVP']
3mq4-4P0BC	['mq', 'BC']
3a10eu~8O_	['eu']
38y>$A2FNt	['FNt']
3222?]1plE	['plE']
2,/s63H8Dk	['Dk']
1b#ndj7UC0	['ndj', 'UC']
1+d8#LGdSc	['LGdSc']
0k4l&aP5h:	['aP']
0hd;48{RjC	['hd', 'RjC']
0bth^55^0Q	['bth']
06e!l'5IvT	['IvT']
=tm3m360Ph	['tm', 'Ph']
|v7oh7K(AD	['oh', 'AD']
`a0giYV8cx	['giYV', 'cx']
_q785a3[Ie	['Ie']
]fw2015hPy	['fw', 'hPy']
]7jp_Ie7t8	['jp', 'Ie']
;75px]2RO7	['px', 'RO']
(hj:8oNhSk	['hj', 'oNhSk']
(ew<5PyBW3	['ew', 'PyBW']
y6|37i>N6Ra	['Ra']
w726_dE8Pg7	['dE', 'Pg']
v>bc8uM53&u	['bc', 'uM']
u5;f<K3qHFW	['qHFW']
ruc4>7Q3,83	['ruc']
qls52-20DBa	['qls', 'DBa']
n7d<4!XXmHg	['XXmHg']
n77l#U.RtSa	['RtSa']
mu4%d07X4F#	['mu']
l45;g1IBXe@	['IBXe']
l.exk3k@YSd	['exk', 'YSd']
k\vt3s[Ma0S	['vt', 'Ma']
i2&hh-4RJR7	['hh', 'RJR']
h7b#7!odtQJ	['odtQJ']
g/y80Tc6GV-	['Tc', 'GV']
e!08Jml!mdf	['Jml', 'mdf']
8y;7w>qL4XE	['qL', 'XE']
8ey8*4[QHDF	['ey', 'QHDF']
88m>k[k8oMt	['oMt']
82&(u1nAtE4	['nAtE']
7y44[^FY2E1	['FY']
72a.e`vdOJT	['vdOJT']
6524d+kA-fF	['kA', 'fF']
6`bi_sMLf61	['bi', 'sMLf']
6?xj6lj7|RE	['xj', 'lj', 'RE']
5r2b$ynAOEP	['ynAOEP']
55my<8`0sI7	['my', 'sI']
5|2t71Yk4&a	['Yk']
5]w8g?WJ1Ba	['WJ', 'Ba']
4xi81n$5H[3	['xi']
4wf:37~bXWI	['wf', 'bXWI']
2w#gR8N&kgH	['gR', 'kgH']
2sgk^`Q25bp	['sgk', 'bp']
2c=rh4uG^6a	['rh', 'uG']
1rj}{22OB12	['rj', 'OB']
0t*w#33P3oF	['oF']
0l:DucTW1@I	['DucTW']
0d0)!vDQ1lC	['vDQ', 'lC']
==6uxwnDjsc	['uxwnDjsc']
<2lau$31L5h	['lau']
+h01xqXn^6A	['xqXn']
_g5q24n!nPW	['nPW']
[f47a$NKRd2	['NKRd']
[)u166sL6o2	['sL']
;u5vm3'p8WO	['vm', 'WO']
%ft24oV8SeT	['ft', 'oV', 'SeT']
y/[773d7x7Nl	['Nl']
wd18f`0Vp70!	['wd', 'Vp']
w32&3^i0W1uU	['uU']
w01{812yF|51	['yF']
vm5$pcKC;J7F	['vm', 'pcKC']
v2w>gf5vB0-6	['gf', 'vB']
u\dp2@1NKjF1	['dp', 'NKjF']
p]2>5aDMYOht	['aDMYOht']
n-bm305>DSqn	['bm', 'DSqn']
n0.140,DBRs6	['DBRs']
mn<)08cuMh6q	['mn', 'cuMh']
ja[*8kAHC6O5	['ja', 'kAHC']
i81_jL0BG$63	['jL', 'BG']
i81:fE}sKX0a	['fE', 'sKX']
i0b!4vHJl*5J	['vHJl']
h1v2p}jTu#A1	['jTu']
g6m{14e)HN4G	['HN']
do|48n}7Ow5N	['do', 'Ow']
d51)u4;X3wrf	['wrf']
c3:,dtP1E5NL	['dtP', 'NL']
b@w.7My088b3	['My']
at6/7%64XVDI	['at', 'XVDI']
8o8n:)JS5Vi7	['JS', 'Vi']
8n$#1aJ0PR0m	['aJ', 'PR']
6n04%Ei'Hm3V	['Ei', 'Hm']
6h^xi+K1f4Eu	['xi', 'Eu']
6f+#1yj70KbQ	['yj', 'KbQ']
61pf{&4Q223l	['pf']
5|~7erw43A2q	['erw']
5.bs1jyCf3O<	['bs', 'jyCf']
4ndc6&2/B8XL	['ndc', 'XL']
4m_hv6$d8lAX	['hv', 'lAX']
4]f`q17RBEO4	['RBEO']
3q6`56TM)DGF	['TM', 'DGF']
3g1g73t<oM)J	['oM']
35ogi78>e&C4	['ogi']
34e?4;7k0FH4	['FH']
2n:!8030QNJu	['QNJu']
2'l6x7)tye6Y	['tye']
2d=ngvlU00_r	['ngvlU']
27j5(xPHN$LD	['xPHN', 'LD']
1k1~!of6I15Y	['of']
1g25_3A$IFbN	['IFbN']
0j36-sL)CHNC	['sL', 'CHNC']
07i<{wuV5weo	['wuV', 'weo']
~<0rs5scm8pJ	['rs', 'scm', 'pJ']
}3x>0000YBTj	['YBTj']
{3sUJn2nGR3$	['sUJn', 'nGR']
]37g=2QwKNIr	['QwKNIr']
@o2bk4k17P45	['bk']
@7%s7gdyJ3Cc	['gdyJ', 'Cc']
:17p3l[047Fs	['Fs']
)r6j6qO;3u13	['qO']
)1su1627*3VM	['su', 'VM']
(8p)16lTHl7D	['lTHl']
%03ryE1U6A?2	['ryE']
$80vp6Jg2UHG	['vp', 'Jg', 'UHG']
$7fsuS<4luth	['fsuS', 'luth']
!661brb4&MUa	['brb', 'MUa']
y3'|k10Cd3EKC	['Cd', 'EKC']
xx5gj%0D_7wXS	['xx', 'gj', 'wXS']
wfa3_q%nK3Tdi	['wfa', 'nK', 'Tdi']
w2w;0xN5?7PbR	['xN', 'PbR']
w[h2~h03sGVS2	['sGVS']
v,8j1#or6Oe2u	['or', 'Oe']
u1j!*po0MOjcx	['po', 'MOjcx']
tw5~8ur72I,l7	['tw', 'ur']
s+_q3f85B0UtH	['UtH']
rj=,5bqmvXTMB	['rj', 'bqmvXTMB']
qfy:106U&XPF4	['qfy', 'XPF']
q01e?e*SYLCCF	['SYLCCF']
p34v2%6W%UKJH	['UKJH']
nw08~mcKTgA6a	['nw', 'mcKTgA']
n\17nqp5HJY'U	['nqp', 'HJY']
n$3w^8ob7XWXN	['ob', 'XWXN']
mp&/6wCKAh62e	['mp', 'wCKAh']
mb274^JpNN3;y	['mb', 'JpNN']
m|6fx6>PsU67M	['fx', 'PsU']
k03~WgY07O>0V	['WgY']
k>8ioy4x6r;IR	['ioy', 'IR']
j0*s7451\5ELE	['ELE']
j,x0(er8n6vOw	['er', 'vOw']
igv5e5e*31?Q0	['igv']
h28`2s0NQ1y/X	['NQ']
b7<kF4B{N4sqp	['kF', 'sqp']
avw83&S>tMWue	['avw', 'tMWue']
ad54~ON72Q:pk	['ad', 'ON', 'pk']
a6&*ws301xQgb	['ws', 'xQgb']
8?1-n5DX7Po7H	['DX', 'Po']
7m71~5d4\OU8P	['OU']
7a|7]KBh02N0q	['KBh']
7_6cp`1RX72Ij	['cp', 'RX', 'Ij']
6l)`7YFpx8R5f	['YFpx']
-68m6dC6>cadJ	['dC', 'cadJ']
634|vl43?v5LG	['vl', 'LG']
60l$3=CMkvWEU	['CMkvWEU']
6_7pa58KMx332	['pa', 'KMx']
6]yr0T{R6Aimv	['yr', 'Aimv']
6:}0uo4s85Qo2	['uo', 'Qo']
5xxb-6<07ONRh	['xxb', 'ONRh']
5u|3jn@23S54a	['jn']
5n2`550{Dy6w3	['Dy']
544p5,ftA32Q!	['ftA']
4uq4o&a_8XYQJ	['uq', 'XYQJ']
4mm8:5j6A^dP4	['mm', 'dP']
42os!?PUsJgfK	['os', 'PUsJgfK']
42^:vxJKyQ28g	['vxJKyQ']
3j?@6gdmLQx6V	['gdmLQx']
3/2fe/CLa3K78	['fe', 'CLa']
2xx3i$in<1ED7	['xx', 'in', 'ED']
2x02a.6tnP@8X	['tnP']
2q2f(gve;3Mhb	['gve', 'Mhb']
1ws76v=ld.4Ys	['ws', 'ld', 'Ys']
1e7v3\4tD6o8|	['tD']
1aw}j!TOQwt8f	['aw', 'TOQwt']
1848*f:4jMMXe	['jMMXe']
1:sj202X$4vVG	['sj', 'vVG']
0d6'b%7YDou36	['YDou']
06o$uk&CySC1G	['uk', 'CySC']
=d4mA]TLVkTK3	['mA', 'TLVkTK']
<r456wcv1a\JS	['wcv', 'JS']
\&q46utKkSCJW	['utKkSCJW']
[f1omVd2.0kmi	['omVd', 'kmi']
@f$70Nw4YqlcT	['Nw', 'YqlcT']
;qypar67rO-2i	['qypar', 'rO']
;%004li8LA7Lx	['li', 'LA', 'Lx']
,1s01?d8RGIof	['RGIof']
*dc4wc7FG4Af#	['dc', 'wc', 'FG', 'Af']
&1c{C7Ws0LUg0	['Ws', 'LUg']
!g?w8o0P61wGG	['wGG']
yl}s1gf62vMSR)	['yl', 'gf', 'vMSR']
x=s7,6K4jOL876	['jOL']
wo3m8w8!MM7H&N	['wo', 'MM']
w0+;b351iTXju3	['iTXju']
o8%c%p24SiAC3C	['SiAC']
n1jf{c?QY3ONae	['jf', 'QY', 'ONae']
m#o0fp^2aRf207	['fp', 'aRf']
i1v$5d1@4tPf5M	['tPf']
dro[k252u77I[H	['dro']
7l7~)2q0lkW27I	['lkW']
7k@j2selr`b23E	['selr']
6l<61+j36n1sPE	['sPE']
6fx:xEftl22p-C	['fx', 'xEftl']
6450'8taPkc!6V	['taPkc']
60.njqB~t7Yqr8	['njqB', 'Yqr']
5y06,486Uno?VQ	['Uno', 'VQ']
5s*v0{843Yq135	['Yq']
5it\]63u11E217	['it']
4i_55fQ$2Mnh30	['fQ', 'Mnh']
3j5t_jbEHQ]ff0	['jbEHQ', 'ff']
3<ly.8kHs3egDM	['ly', 'kHs', 'egDM']
2p7=144pxpKl)G	['pxpKl']
25(ep-76NAWOQ5	['ep', 'NAWOQ']
20a:7v(270u2gO	['gO']
1v2_84e!Nxb7F7	['Nxb']
1at00{oCgXNm&6	['at', 'oCgXNm']
1}mo47#ef1oQVD	['mo', 'ef', 'oQVD']
06y8,aqFINBd3#	['aqFINBd']
>dvoa7A6yA7h.k	['dvoa', 'yA']
~kgs4v7geW6`fr	['kgs', 'geW', 'fr']
\j7r23pes}5BFI	['pes', 'BFI']
[g4}p77iFHh6HA	['iFHh', 'HA']
@e1xg3WAG?01W5	['xg', 'WAG']
:cxsyn03'0ViAn	['cxsyn', 'ViAn']
.2xermremo2%Vl	['xermremo', 'Vl']
,48(xlLEpe02gS	['xlLEpe', 'gS']
&6m)uOmh0Ak1M1	['uOmh', 'Ak']
$g7)81ragUfSvb	['ragUfSvb']
